timestamp,trade_number,symbol,type,entry_price,exit_price,stake,payout,profit,is_win,rsi,trend
2025-12-07 08:36:02,1,R_25,PUT,0.5,2339.418,0.5,0.96,0.46,WIN,99.91,SIDEWAYS
2025-12-07 08:36:16,2,R_25,PUT,0.5,2339.453,0.5,0.96,0.46,WIN,50.04,SIDEWAYS
2025-12-07 08:36:30,3,R_25,CALL,0.5,2339.815,0.5,0.96,0.46,WIN,59.93,UP
2025-12-07 08:36:44,4,R_25,CALL,0.5,2339.159,0.5,0.0,-0.5,LOSS,50.11,SIDEWAYS
2025-12-07 08:36:58,5,R_25,PUT,1.0,2339.435,1.0,0.0,-1.0,LOSS,50.19,SIDEWAYS
2025-12-07 08:37:12,6,R_25,CALL,2.0,2339.703,2.0,3.91,1.91,WIN,50.0,SIDEWAYS
2025-12-07 08:37:28,7,R_25,CALL,0.5,2339.205,0.5,0.0,-0.5,LOSS,48.45,SIDEWAYS
2025-12-07 08:37:42,8,R_25,PUT,1.0,2339.153,1.0,1.95,0.95,WIN,50.0,SIDEWAYS
2025-12-07 08:37:58,9,R_25,CALL,0.5,2339.499,0.5,0.96,0.46,WIN,59.67,SIDEWAYS
2025-12-07 08:38:12,10,R_25,CALL,0.5,2338.676,0.5,0.0,-0.5,LOSS,50.1,SIDEWAYS
2025-12-07 08:38:26,11,R_25,PUT,1.0,2338.197,1.0,1.95,0.95,WIN,50.24,SIDEWAYS
2025-12-07 08:38:40,12,R_25,PUT,0.5,2338.406,0.5,0.0,-0.5,LOSS,52.15,SIDEWAYS
2025-12-07 08:38:54,13,R_25,PUT,1.0,2337.828,1.0,1.95,0.95,WIN,50.0,SIDEWAYS
2025-12-07 08:39:10,14,R_25,CALL,0.5,2338.073,0.5,0.96,0.46,WIN,49.9,SIDEWAYS
2025-12-07 08:39:24,15,R_25,PUT,0.5,2338.393,0.5,0.0,-0.5,LOSS,49.94,SIDEWAYS
2025-12-07 08:39:38,16,R_25,CALL,1.0,2338.474,1.0,1.95,0.95,WIN,49.97,SIDEWAYS
2025-12-07 08:39:52,17,R_25,PUT,0.5,2339.111,0.5,0.0,-0.5,LOSS,47.59,SIDEWAYS
2025-12-07 08:40:06,18,R_25,PUT,1.0,2339.0,1.0,0.0,-1.0,LOSS,50.11,SIDEWAYS
2025-12-07 08:40:20,19,R_25,PUT,2.0,2338.584,2.0,3.91,1.91,WIN,50.11,SIDEWAYS
2025-12-07 08:40:36,20,R_25,PUT,0.5,2339.032,0.5,0.0,-0.5,LOSS,59.92,SIDEWAYS
2025-12-07 08:40:50,21,R_25,CALL,1.0,2339.006,1.0,0.0,-1.0,LOSS,49.94,SIDEWAYS
2025-12-07 08:41:04,22,R_25,CALL,2.0,2338.718,2.0,3.91,1.91,WIN,49.89,SIDEWAYS
2025-12-07 08:41:18,23,R_25,PUT,0.5,2338.847,0.5,0.0,-0.5,LOSS,50.19,SIDEWAYS
2025-12-07 08:41:32,24,R_25,PUT,1.0,2338.46,1.0,1.95,0.95,WIN,49.99,DOWN
2025-12-07 08:41:48,25,R_25,CALL,0.5,2338.003,0.5,0.0,-0.5,LOSS,40.98,SIDEWAYS
2025-12-07 08:42:02,26,R_25,PUT,1.0,2338.129,1.0,0.0,-1.0,LOSS,52.21,SIDEWAYS
2025-12-07 08:42:16,27,R_25,PUT,2.0,2338.448,2.0,0.0,-2.0,LOSS,51.67,SIDEWAYS
2025-12-07 08:42:30,28,R_25,PUT,4.0,2338.732,4.0,0.0,-4.0,LOSS,50.0,SIDEWAYS
2025-12-07 08:42:44,29,R_25,PUT,8.0,2338.328,8.0,15.62,7.62,WIN,50.0,SIDEWAYS
2025-12-07 08:43:00,30,R_25,CALL,0.5,2338.619,0.5,0.96,0.46,WIN,47.88,SIDEWAYS
2025-12-07 08:43:14,31,R_25,CALL,0.5,2338.876,0.5,0.96,0.46,WIN,50.0,SIDEWAYS
2025-12-07 08:43:28,32,R_25,CALL,0.5,2338.562,0.5,0.0,-0.5,LOSS,50.0,SIDEWAYS
2025-12-07 08:43:42,33,R_25,PUT,1.0,2338.148,1.0,1.95,0.95,WIN,50.0,SIDEWAYS
2025-12-07 08:43:58,34,R_25,PUT,0.5,2338.778,0.5,0.0,-0.5,LOSS,59.18,SIDEWAYS
2025-12-07 08:44:12,35,R_25,CALL,1.0,2338.855,1.0,1.95,0.95,WIN,49.94,SIDEWAYS
2025-12-07 08:44:26,36,R_25,PUT,0.5,2338.689,0.5,0.96,0.46,WIN,50.0,SIDEWAYS
2025-12-07 08:44:40,37,R_25,CALL,0.5,2339.045,0.5,0.96,0.46,WIN,43.3,SIDEWAYS
2025-12-07 08:44:54,38,R_25,CALL,0.5,2338.879,0.5,0.0,-0.5,LOSS,57.13,SIDEWAYS
2025-12-07 08:45:08,39,R_25,CALL,1.0,2338.318,1.0,0.0,-1.0,LOSS,41.4,SIDEWAYS
2025-12-07 08:45:22,40,R_25,PUT,2.0,2337.597,2.0,3.91,1.91,WIN,50.06,SIDEWAYS
2025-12-07 08:45:38,41,R_25,PUT,0.5,2337.936,0.5,0.0,-0.5,LOSS,49.76,SIDEWAYS
2025-12-07 08:45:52,42,R_25,PUT,1.0,2338.355,1.0,0.0,-1.0,LOSS,49.99,SIDEWAYS
2025-12-07 08:46:06,43,R_25,PUT,2.0,2337.785,2.0,3.91,1.91,WIN,49.76,SIDEWAYS
2025-12-07 08:46:20,44,R_25,PUT,0.5,2338.093,0.5,0.96,0.46,WIN,40.33,SIDEWAYS
2025-12-07 08:46:34,45,R_25,CALL,0.5,2338.51,0.5,0.96,0.46,WIN,50.01,SIDEWAYS
2025-12-07 08:46:48,46,R_25,PUT,0.5,2338.599,0.5,0.96,0.46,WIN,59.72,SIDEWAYS
2025-12-07 08:47:02,47,R_25,CALL,0.5,2339.148,0.5,0.96,0.46,WIN,49.91,SIDEWAYS
2025-12-07 08:47:16,48,R_25,PUT,0.5,2338.838,0.5,0.96,0.46,WIN,50.0,SIDEWAYS
2025-12-07 08:47:30,49,R_25,PUT,0.5,2338.505,0.5,0.96,0.46,WIN,50.0,SIDEWAYS
2025-12-07 08:47:44,50,R_25,CALL,0.5,2339.366,0.5,0.96,0.46,WIN,49.93,SIDEWAYS
2025-12-07 08:47:58,51,R_25,CALL,0.5,2339.26,0.5,0.0,-0.5,LOSS,59.93,UP
2025-12-07 08:48:12,52,R_25,CALL,1.0,2339.466,1.0,1.95,0.95,WIN,42.9,SIDEWAYS
2025-12-07 08:48:28,53,R_25,PUT,0.5,2339.603,0.5,0.0,-0.5,LOSS,42.89,SIDEWAYS
2025-12-07 08:48:42,54,R_25,PUT,1.0,2339.366,1.0,1.95,0.95,WIN,49.99,DOWN
2025-12-07 08:48:56,55,R_25,PUT,0.5,2339.483,0.5,0.96,0.46,WIN,50.26,SIDEWAYS
2025-12-07 08:49:10,56,R_25,PUT,0.5,2338.817,0.5,0.96,0.46,WIN,50.17,SIDEWAYS
2025-12-07 08:49:24,57,R_25,PUT,0.5,2339.18,0.5,0.0,-0.5,LOSS,40.91,SIDEWAYS
2025-12-07 08:49:38,58,R_25,CALL,1.0,2339.951,1.0,1.95,0.95,WIN,62.95,SIDEWAYS
2025-12-07 08:49:54,59,R_25,CALL,0.5,2340.395,0.5,0.96,0.46,WIN,59.1,UP
2025-12-07 08:50:08,60,R_25,CALL,0.5,2340.94,0.5,0.96,0.46,WIN,50.11,SIDEWAYS
2025-12-07 08:50:22,61,R_25,CALL,0.5,2341.112,0.5,0.96,0.46,WIN,50.11,SIDEWAYS
2025-12-07 08:50:36,62,R_25,PUT,0.5,2341.416,0.5,0.0,-0.5,LOSS,56.72,SIDEWAYS
2025-12-07 08:50:50,63,R_25,CALL,1.0,2340.589,1.0,0.0,-1.0,LOSS,59.21,SIDEWAYS
2025-12-07 08:51:04,64,R_25,CALL,2.0,2341.565,2.0,3.91,1.91,WIN,51.53,SIDEWAYS
2025-12-07 08:51:20,65,R_25,PUT,0.5,2341.72,0.5,0.96,0.46,WIN,40.1,SIDEWAYS
2025-12-07 08:51:34,66,R_25,PUT,0.5,2341.274,0.5,0.96,0.46,WIN,50.07,SIDEWAYS
2025-12-07 08:51:48,67,R_25,PUT,0.5,2341.231,0.5,0.96,0.46,WIN,49.83,DOWN
2025-12-07 08:52:02,68,R_25,PUT,0.5,2340.697,0.5,0.96,0.46,WIN,47.75,SIDEWAYS
2025-12-07 08:52:16,69,R_25,PUT,0.5,2341.99,0.5,0.0,-0.5,LOSS,42.46,SIDEWAYS
2025-12-07 08:52:30,70,R_25,PUT,1.0,2341.365,1.0,1.95,0.95,WIN,49.91,SIDEWAYS
2025-12-07 08:52:46,71,R_25,PUT,0.5,2341.052,0.5,0.96,0.46,WIN,50.18,SIDEWAYS
2025-12-07 08:53:00,72,R_25,PUT,0.5,2340.668,0.5,0.0,-0.5,LOSS,50.3,SIDEWAYS
2025-12-07 08:53:14,73,R_25,CALL,1.0,2341.01,1.0,1.95,0.95,WIN,48.03,SIDEWAYS
2025-12-07 08:53:28,74,R_25,PUT,0.5,2341.122,0.5,0.0,-0.5,LOSS,50.07,SIDEWAYS
2025-12-07 08:53:42,75,R_25,CALL,1.0,2341.045,1.0,0.0,-1.0,LOSS,64.13,UP
2025-12-07 08:53:56,76,R_25,CALL,2.0,2340.787,2.0,0.0,-2.0,LOSS,50.0,SIDEWAYS
2025-12-07 08:54:10,77,R_25,PUT,4.0,2340.705,4.0,7.81,3.81,WIN,48.55,SIDEWAYS
2025-12-07 08:54:26,78,R_25,CALL,0.5,2341.487,0.5,0.96,0.46,WIN,40.82,SIDEWAYS
2025-12-07 08:54:40,79,R_25,CALL,0.5,2341.169,0.5,0.0,-0.5,LOSS,41.44,SIDEWAYS
2025-12-07 08:54:54,80,R_25,CALL,1.0,2341.149,1.0,1.95,0.95,WIN,56.73,SIDEWAYS
2025-12-07 08:55:10,81,R_25,CALL,0.5,2341.257,0.5,0.0,-0.5,LOSS,49.89,SIDEWAYS
2025-12-07 08:55:24,82,R_25,CALL,1.0,2341.758,1.0,1.95,0.95,WIN,49.89,SIDEWAYS
2025-12-07 08:55:38,83,R_25,CALL,0.5,2341.357,0.5,0.0,-0.5,LOSS,51.78,SIDEWAYS
2025-12-07 08:55:52,84,R_25,CALL,1.0,2342.09,1.0,1.95,0.95,WIN,50.0,SIDEWAYS
2025-12-07 08:56:06,85,R_25,PUT,0.5,2341.385,0.5,0.96,0.46,WIN,49.92,SIDEWAYS
2025-12-07 08:56:20,86,R_25,PUT,0.5,2341.438,0.5,0.96,0.46,WIN,49.89,SIDEWAYS
2025-12-07 08:56:34,87,R_25,PUT,0.5,2341.834,0.5,0.0,-0.5,LOSS,49.75,SIDEWAYS
2025-12-07 08:56:48,88,R_25,CALL,1.0,2341.808,1.0,0.0,-1.0,LOSS,56.76,SIDEWAYS
2025-12-07 08:57:04,89,R_25,CALL,2.0,2342.193,2.0,0.0,-2.0,LOSS,50.04,SIDEWAYS
2025-12-07 08:57:18,90,R_25,CALL,4.0,2341.612,4.0,0.0,-4.0,LOSS,59.9,SIDEWAYS
2025-12-07 08:57:32,91,R_25,CALL,8.0,2341.244,8.0,0.0,-8.0,LOSS,43.25,SIDEWAYS
2025-12-07 08:58:20,1,R_100,CALL,0.5,666.11,0.5,0.96,0.46,WIN,47.64,SIDEWAYS
2025-12-07 08:58:34,2,R_100,PUT,0.5,665.79,0.5,0.96,0.46,WIN,40.1,SIDEWAYS
2025-12-07 08:58:48,3,R_100,PUT,0.5,665.45,0.5,0.96,0.46,WIN,50.0,SIDEWAYS
2025-12-07 08:59:02,4,R_100,CALL,0.5,666.01,0.5,0.96,0.46,WIN,56.74,SIDEWAYS
2025-12-07 08:59:16,5,R_100,CALL,0.5,665.72,0.5,0.0,-0.5,LOSS,49.96,SIDEWAYS
2025-12-07 08:59:30,6,R_100,CALL,1.0,664.97,1.0,0.0,-1.0,LOSS,48.33,SIDEWAYS
2025-12-07 08:59:44,7,R_100,PUT,2.0,664.71,2.0,3.91,1.91,WIN,42.98,SIDEWAYS
2025-12-07 09:00:00,8,R_100,PUT,0.5,664.38,0.5,0.0,-0.5,LOSS,50.0,SIDEWAYS
2025-12-07 09:00:14,9,R_100,CALL,1.0,663.43,1.0,0.0,-1.0,LOSS,49.91,SIDEWAYS
2025-12-07 09:00:28,10,R_100,PUT,2.0,663.39,2.0,0.0,-2.0,LOSS,50.0,SIDEWAYS
2025-12-07 09:00:42,11,R_100,PUT,4.0,664.38,4.0,0.0,-4.0,LOSS,50.0,SIDEWAYS
2025-12-07 09:00:56,12,R_100,PUT,8.0,664.13,8.0,0.0,-8.0,LOSS,50.01,SIDEWAYS
2025-12-07 09:01:48,1,R_50,CALL,0.5,142.5862,0.5,0.96,0.46,WIN,40.15,SIDEWAYS
2025-12-07 09:02:02,2,R_50,PUT,0.5,142.5559,0.5,0.96,0.46,WIN,41.04,SIDEWAYS
2025-12-07 09:02:16,3,R_50,PUT,0.5,142.4782,0.5,0.96,0.46,WIN,59.08,SIDEWAYS
2025-12-07 09:02:30,4,R_50,CALL,0.5,142.4535,0.5,0.0,-0.5,LOSS,50.19,SIDEWAYS
2025-12-07 09:02:44,5,R_50,CALL,1.0,142.4808,1.0,1.95,0.95,WIN,46.38,SIDEWAYS
2025-12-07 09:03:00,6,R_50,CALL,0.5,142.391,0.5,0.0,-0.5,LOSS,50.0,SIDEWAYS
2025-12-07 09:03:14,7,R_50,PUT,1.0,142.3682,1.0,1.95,0.95,WIN,58.97,SIDEWAYS
2025-12-07 09:03:28,8,R_50,CALL,0.5,142.4913,0.5,0.96,0.46,WIN,49.9,SIDEWAYS
2025-12-07 09:03:42,9,R_50,CALL,0.5,142.4407,0.5,0.0,-0.5,LOSS,59.01,SIDEWAYS
2025-12-07 09:03:56,10,R_50,CALL,1.0,142.3552,1.0,0.0,-1.0,LOSS,47.75,SIDEWAYS
2025-12-07 09:04:10,11,R_50,CALL,2.0,142.3517,2.0,0.0,-2.0,LOSS,50.11,SIDEWAYS
2025-12-07 09:06:14,1,R_100,CALL,0.5,663.45,0.5,0.0,-0.5,LOSS,99.96,SIDEWAYS
2025-12-07 09:06:28,2,R_100,CALL,1.0,663.3,1.0,1.95,0.95,WIN,59.21,UP
2025-12-07 09:06:44,3,R_100,CALL,0.5,663.16,0.5,0.0,-0.5,LOSS,64.43,UP
2025-12-07 09:06:58,4,R_100,CALL,1.0,662.69,1.0,0.0,-1.0,LOSS,50.12,SIDEWAYS
2025-12-07 09:07:12,5,R_100,CALL,2.0,662.2,2.0,0.0,-2.0,LOSS,50.0,SIDEWAYS
2025-12-07 09:07:26,6,R_100,CALL,4.0,661.94,4.0,0.0,-4.0,LOSS,50.11,SIDEWAYS
2025-12-07 09:12:16,1,R_50,CALL,0.5,142.4684,0.5,0.96,0.46,WIN,50.07,SIDEWAYS
2025-12-07 09:12:30,2,R_50,CALL,0.5,142.4146,0.5,0.0,-0.5,LOSS,64.27,SIDEWAYS
2025-12-07 09:12:44,3,R_50,CALL,1.0,142.4168,1.0,1.95,0.95,WIN,59.87,SIDEWAYS
2025-12-07 09:13:00,4,R_50,CALL,0.5,142.4144,0.5,0.0,-0.5,LOSS,50.0,SIDEWAYS
2025-12-07 09:13:14,5,R_50,CALL,1.0,142.2912,1.0,0.0,-1.0,LOSS,59.93,SIDEWAYS
2025-12-07 09:13:28,6,R_50,CALL,2.0,142.2328,2.0,0.0,-2.0,LOSS,59.9,UP
2025-12-07 09:13:42,7,R_50,CALL,4.0,142.2528,4.0,0.0,-4.0,LOSS,49.94,SIDEWAYS
2025-12-07 09:20:14,1,R_50,CALL,0.5,142.4477,0.5,0.96,0.46,WIN,50.08,SIDEWAYS
2025-12-07 09:20:28,2,R_50,CALL,0.5,142.445,0.5,0.0,-0.5,LOSS,47.59,DOWN
2025-12-07 09:20:42,3,R_50,CALL,1.0,142.4914,1.0,1.95,0.95,WIN,50.03,SIDEWAYS
2025-12-07 09:20:58,4,R_50,CALL,0.5,142.468,0.5,0.0,-0.5,LOSS,50.0,SIDEWAYS
2025-12-07 09:21:12,5,R_50,CALL,1.0,142.488,1.0,1.95,0.95,WIN,59.88,UP
2025-12-07 09:21:26,6,R_50,CALL,0.5,142.4818,0.5,0.0,-0.5,LOSS,50.15,SIDEWAYS
2025-12-07 09:21:40,7,R_50,CALL,1.0,142.4632,1.0,0.0,-1.0,LOSS,42.42,SIDEWAYS
2025-12-07 09:21:54,8,R_50,CALL,2.0,142.4893,2.0,3.91,1.91,WIN,49.91,SIDEWAYS
2025-12-07 09:22:10,9,R_50,CALL,0.5,142.5124,0.5,0.96,0.46,WIN,59.1,SIDEWAYS
2025-12-07 09:22:24,10,R_50,CALL,0.5,142.5733,0.5,0.96,0.46,WIN,56.7,SIDEWAYS
2025-12-07 09:22:38,11,R_50,CALL,0.5,142.5085,0.5,0.0,-0.5,LOSS,50.0,SIDEWAYS
2025-12-07 09:22:52,12,R_50,CALL,1.0,142.524,1.0,1.95,0.95,WIN,49.86,SIDEWAYS
2025-12-07 09:23:08,13,R_50,CALL,0.5,142.4816,0.5,0.0,-0.5,LOSS,50.0,DOWN
2025-12-07 09:23:22,14,R_50,CALL,1.0,142.4912,1.0,1.95,0.95,WIN,59.13,SIDEWAYS
2025-12-07 09:23:36,15,R_50,CALL,0.5,142.4729,0.5,0.0,-0.5,LOSS,42.87,SIDEWAYS
2025-12-07 09:23:50,16,R_50,CALL,1.0,142.4547,1.0,0.0,-1.0,LOSS,50.04,SIDEWAYS
2025-12-07 09:24:04,17,R_50,CALL,2.0,142.4417,2.0,0.0,-2.0,LOSS,50.0,SIDEWAYS
2025-12-07 09:24:18,18,R_50,CALL,4.0,142.387,4.0,0.0,-4.0,LOSS,50.0,SIDEWAYS
2025-12-07 09:24:32,19,R_50,CALL,8.0,142.398,8.0,15.63,7.63,WIN,59.91,SIDEWAYS
2025-12-07 09:24:48,20,R_50,CALL,0.5,142.3894,0.5,0.0,-0.5,LOSS,48.21,SIDEWAYS
2025-12-07 09:25:02,21,R_50,CALL,1.0,142.3744,1.0,0.0,-1.0,LOSS,50.11,SIDEWAYS
2025-12-07 09:25:16,22,R_50,CALL,2.0,142.4164,2.0,3.91,1.91,WIN,49.91,SIDEWAYS
2025-12-07 09:25:32,23,R_50,CALL,0.5,142.4227,0.5,0.0,-0.5,LOSS,49.86,SIDEWAYS
2025-12-07 09:25:46,24,R_50,CALL,1.0,142.4086,1.0,0.0,-1.0,LOSS,59.08,SIDEWAYS
2025-12-07 09:26:00,25,R_50,CALL,2.0,142.308,2.0,0.0,-2.0,LOSS,49.94,SIDEWAYS
2025-12-07 09:26:14,26,R_50,CALL,4.0,142.26,4.0,0.0,-4.0,LOSS,49.98,SIDEWAYS
2025-12-07 09:26:28,27,R_50,CALL,8.0,142.2742,8.0,15.63,7.63,WIN,40.86,SIDEWAYS
2025-12-07 09:26:44,28,R_50,CALL,0.5,142.3378,0.5,0.96,0.46,WIN,49.92,SIDEWAYS
2025-12-07 09:26:58,29,R_50,CALL,0.5,142.3517,0.5,0.96,0.46,WIN,59.74,SIDEWAYS
2025-12-07 09:27:12,30,R_50,CALL,0.5,142.2559,0.5,0.0,-0.5,LOSS,49.95,SIDEWAYS
2025-12-07 09:27:26,31,R_50,CALL,1.0,142.238,1.0,0.0,-1.0,LOSS,49.97,SIDEWAYS
2025-12-07 09:27:40,32,R_50,CALL,2.0,142.2286,2.0,3.91,1.91,WIN,49.73,SIDEWAYS
2025-12-07 09:27:56,33,R_50,CALL,0.5,142.1766,0.5,0.0,-0.5,LOSS,50.24,SIDEWAYS
2025-12-07 09:28:10,34,R_50,CALL,1.0,142.0893,1.0,0.0,-1.0,LOSS,59.01,SIDEWAYS
2025-12-07 09:28:24,35,R_50,CALL,2.0,142.1437,2.0,3.91,1.91,WIN,50.06,SIDEWAYS
2025-12-07 09:28:38,36,R_50,CALL,0.5,142.2403,0.5,0.96,0.46,WIN,50.0,SIDEWAYS
2025-12-07 09:28:52,37,R_50,CALL,0.5,142.2574,0.5,0.96,0.46,WIN,49.86,SIDEWAYS
2025-12-07 09:29:06,38,R_50,CALL,0.5,142.2631,0.5,0.96,0.46,WIN,50.0,SIDEWAYS
2025-12-07 09:29:20,39,R_50,CALL,0.5,142.2026,0.5,0.0,-0.5,LOSS,50.05,SIDEWAYS
2025-12-07 09:29:34,40,R_50,CALL,1.0,142.2163,1.0,1.95,0.95,WIN,40.97,SIDEWAYS
2025-12-07 09:29:50,41,R_50,CALL,0.5,142.2613,0.5,0.0,-0.5,LOSS,35.56,SIDEWAYS
2025-12-07 09:30:04,42,R_50,CALL,1.0,142.2087,1.0,1.95,0.95,WIN,50.09,SIDEWAYS
2025-12-07 09:30:18,43,R_50,CALL,0.5,142.21,0.5,0.0,-0.5,LOSS,56.71,SIDEWAYS
2025-12-07 09:30:32,44,R_50,CALL,1.0,142.2186,1.0,1.95,0.95,WIN,50.0,SIDEWAYS
2025-12-07 09:30:46,45,R_50,CALL,0.5,142.2046,0.5,0.96,0.46,WIN,50.2,SIDEWAYS
2025-12-07 09:31:00,46,R_50,CALL,0.5,142.2637,0.5,0.96,0.46,WIN,41.6,SIDEWAYS
2025-12-07 09:31:14,47,R_50,CALL,0.5,142.237,0.5,0.0,-0.5,LOSS,59.67,SIDEWAYS
2025-12-07 09:31:28,48,R_50,CALL,1.0,142.1784,1.0,0.0,-1.0,LOSS,47.85,SIDEWAYS
2025-12-07 09:31:42,49,R_50,CALL,2.0,142.0955,2.0,0.0,-2.0,LOSS,64.51,UP
2025-12-07 09:31:56,50,R_50,CALL,4.0,142.1011,4.0,7.81,3.81,WIN,50.18,SIDEWAYS
2025-12-07 09:32:12,51,R_50,CALL,0.5,142.0718,0.5,0.0,-0.5,LOSS,50.0,SIDEWAYS
2025-12-07 09:32:26,52,R_50,CALL,1.0,142.0299,1.0,0.0,-1.0,LOSS,59.07,SIDEWAYS
2025-12-07 09:32:40,53,R_50,CALL,2.0,142.0442,2.0,3.91,1.91,WIN,42.96,SIDEWAYS
2025-12-07 09:32:56,54,R_50,CALL,0.5,141.976,0.5,0.0,-0.5,LOSS,49.95,SIDEWAYS
2025-12-07 09:33:12,55,R_50,CALL,1.0,142.011,1.0,0.0,-1.0,LOSS,50.0,SIDEWAYS
2025-12-07 09:33:26,56,R_50,CALL,2.0,142.0457,2.0,3.91,1.91,WIN,49.83,SIDEWAYS
2025-12-07 09:33:40,57,R_50,CALL,0.5,142.1005,0.5,0.96,0.46,WIN,59.15,SIDEWAYS
2025-12-07 09:33:54,58,R_50,CALL,0.5,142.0788,0.5,0.0,-0.5,LOSS,48.34,SIDEWAYS
2025-12-07 09:34:08,59,R_50,CALL,1.0,142.0624,1.0,0.0,-1.0,LOSS,49.84,SIDEWAYS
2025-12-07 09:34:22,60,R_50,CALL,2.0,142.048,2.0,3.91,1.91,WIN,50.12,SIDEWAYS
2025-12-07 09:34:38,61,R_50,CALL,0.5,142.0288,0.5,0.0,-0.5,LOSS,48.35,SIDEWAYS
2025-12-07 09:34:52,62,R_50,CALL,1.0,141.9894,1.0,0.0,-1.0,LOSS,59.14,SIDEWAYS
2025-12-07 09:35:06,63,R_50,CALL,2.0,142.0102,2.0,3.91,1.91,WIN,52.24,SIDEWAYS
2025-12-07 09:35:20,64,R_50,CALL,0.5,142.0022,0.5,0.0,-0.5,LOSS,50.16,SIDEWAYS
2025-12-07 09:35:34,65,R_50,CALL,1.0,142.0099,1.0,1.95,0.95,WIN,56.71,SIDEWAYS
2025-12-07 09:35:50,66,R_50,CALL,0.5,141.9876,0.5,0.0,-0.5,LOSS,50.0,SIDEWAYS
2025-12-07 09:36:04,67,R_50,CALL,1.0,142.028,1.0,1.95,0.95,WIN,59.14,SIDEWAYS
2025-12-07 09:36:18,68,R_50,CALL,0.5,142.0406,0.5,0.96,0.46,WIN,40.15,SIDEWAYS
2025-12-07 09:36:32,69,R_50,CALL,0.5,142.0939,0.5,0.96,0.46,WIN,41.04,SIDEWAYS
2025-12-07 09:36:48,70,R_50,CALL,0.5,142.16,0.5,0.96,0.46,WIN,40.31,SIDEWAYS
2025-12-07 09:37:02,71,R_50,CALL,0.5,142.2362,0.5,0.96,0.46,WIN,50.06,SIDEWAYS
2025-12-07 09:37:16,72,R_50,CALL,0.5,142.1823,0.5,0.0,-0.5,LOSS,59.02,SIDEWAYS
2025-12-07 09:37:30,73,R_50,CALL,1.0,142.1584,1.0,0.0,-1.0,LOSS,37.1,SIDEWAYS
2025-12-07 09:37:44,74,R_50,CALL,2.0,142.1807,2.0,3.91,1.91,WIN,49.92,SIDEWAYS
2025-12-07 09:38:00,75,R_50,CALL,0.5,142.18,0.5,0.96,0.46,WIN,62.82,SIDEWAYS
2025-12-07 09:38:14,76,R_50,CALL,0.5,142.1799,0.5,0.96,0.46,WIN,49.85,SIDEWAYS
2025-12-07 09:38:28,77,R_50,CALL,0.5,142.1818,0.5,0.0,-0.5,LOSS,59.0,SIDEWAYS
2025-12-07 09:38:42,78,R_50,CALL,1.0,142.1949,1.0,0.0,-1.0,LOSS,40.82,SIDEWAYS
2025-12-07 09:38:56,79,R_50,CALL,2.0,142.1181,2.0,0.0,-2.0,LOSS,56.7,SIDEWAYS
2025-12-07 09:39:10,80,R_50,CALL,4.0,142.0158,4.0,0.0,-4.0,LOSS,59.85,SIDEWAYS
2025-12-07 09:39:24,81,R_50,CALL,8.0,141.9338,8.0,0.0,-8.0,LOSS,50.16,SIDEWAYS
2025-12-07 09:43:06,1,R_50,CALL,0.5,142.1208,0.5,0.96,0.46,WIN,50.3,SIDEWAYS
2025-12-07 09:43:20,2,R_50,CALL,0.5,142.1536,0.5,0.96,0.46,WIN,50.15,SIDEWAYS
2025-12-07 09:43:34,3,R_50,CALL,0.5,142.1659,0.5,0.96,0.46,WIN,40.9,SIDEWAYS
2025-12-07 09:43:48,4,R_50,CALL,0.5,142.2508,0.5,0.96,0.46,WIN,50.0,UP
2025-12-07 09:44:02,5,R_50,CALL,0.5,142.2776,0.5,0.96,0.46,WIN,50.0,SIDEWAYS
2025-12-07 09:44:16,6,R_50,CALL,0.5,142.3016,0.5,0.96,0.46,WIN,50.02,SIDEWAYS
2025-12-07 09:44:30,7,R_50,CALL,0.5,142.331,0.5,0.96,0.46,WIN,50.11,SIDEWAYS
2025-12-07 09:44:44,8,R_50,CALL,0.5,142.2351,0.5,0.0,-0.5,LOSS,62.82,SIDEWAYS
2025-12-07 09:44:58,9,R_50,CALL,1.0,142.1943,1.0,0.0,-1.0,LOSS,51.55,SIDEWAYS
2025-12-07 09:45:12,10,R_50,CALL,2.0,142.1448,2.0,0.0,-2.0,LOSS,40.88,SIDEWAYS
2025-12-07 09:45:26,11,R_50,CALL,4.0,142.1498,4.0,0.0,-4.0,LOSS,49.89,SIDEWAYS
2025-12-07 09:45:40,12,R_50,CALL,8.0,142.2846,8.0,15.63,7.63,WIN,50.06,SIDEWAYS
2025-12-07 09:45:56,13,R_50,CALL,0.5,142.3411,0.5,0.96,0.46,WIN,59.01,SIDEWAYS
2025-12-07 09:46:10,14,R_50,CALL,0.5,142.3813,0.5,0.96,0.46,WIN,51.77,SIDEWAYS
2025-12-07 09:46:24,15,R_50,CALL,0.5,142.3879,0.5,0.0,-0.5,LOSS,49.78,SIDEWAYS
2025-12-07 09:46:38,16,R_50,CALL,1.0,142.3468,1.0,0.0,-1.0,LOSS,50.0,SIDEWAYS
2025-12-07 09:46:52,17,R_50,CALL,2.0,142.2604,2.0,0.0,-2.0,LOSS,50.06,SIDEWAYS
2025-12-07 09:47:06,18,R_50,CALL,4.0,142.3148,4.0,7.81,3.81,WIN,50.0,SIDEWAYS
2025-12-07 09:47:22,19,R_50,CALL,0.5,142.2462,0.5,0.0,-0.5,LOSS,50.03,SIDEWAYS
2025-12-07 09:47:36,20,R_50,CALL,1.0,142.3257,1.0,1.95,0.95,WIN,58.42,UP
2025-12-07 09:47:52,21,R_50,CALL,0.5,142.3204,0.5,0.0,-0.5,LOSS,48.55,SIDEWAYS
2025-12-07 09:48:06,22,R_50,CALL,1.0,142.3356,1.0,1.95,0.95,WIN,49.87,SIDEWAYS
2025-12-07 09:48:20,23,R_50,CALL,0.5,142.3808,0.5,0.0,-0.5,LOSS,50.0,UP
2025-12-07 09:48:34,24,R_50,CALL,1.0,142.3659,1.0,0.0,-1.0,LOSS,50.11,SIDEWAYS
2025-12-07 09:48:48,25,R_50,CALL,2.0,142.4389,2.0,3.91,1.91,WIN,40.19,SIDEWAYS
2025-12-07 09:49:04,26,R_50,CALL,0.5,142.416,0.5,0.96,0.46,WIN,50.19,SIDEWAYS
2025-12-07 09:49:18,27,R_50,CALL,0.5,142.4944,0.5,0.96,0.46,WIN,51.79,SIDEWAYS
2025-12-07 09:49:32,28,R_50,CALL,0.5,142.4958,0.5,0.0,-0.5,LOSS,59.87,SIDEWAYS
2025-12-07 09:49:46,29,R_50,CALL,1.0,142.5356,1.0,1.95,0.95,WIN,50.0,SIDEWAYS
2025-12-07 09:50:02,30,R_50,CALL,0.5,142.5217,0.5,0.96,0.46,WIN,49.86,DOWN
2025-12-07 09:50:16,31,R_50,CALL,0.5,142.472,0.5,0.0,-0.5,LOSS,49.81,SIDEWAYS
2025-12-07 09:50:30,32,R_50,CALL,1.0,142.473,1.0,0.0,-1.0,LOSS,50.0,SIDEWAYS
2025-12-07 09:50:46,33,R_50,CALL,2.0,142.5785,2.0,3.91,1.91,WIN,59.01,SIDEWAYS
2025-12-07 09:51:02,34,R_50,CALL,0.5,142.5967,0.5,0.0,-0.5,LOSS,49.84,SIDEWAYS
2025-12-07 09:51:16,35,R_50,CALL,1.0,142.5914,1.0,0.0,-1.0,LOSS,59.19,SIDEWAYS
2025-12-07 09:51:30,36,R_50,CALL,2.0,142.5892,2.0,0.0,-2.0,LOSS,50.0,SIDEWAYS
2025-12-07 09:51:46,37,R_50,CALL,4.0,142.5831,4.0,0.0,-4.0,LOSS,40.97,SIDEWAYS
2025-12-07 09:52:00,38,R_50,CALL,8.0,142.5756,8.0,15.63,7.63,WIN,59.21,SIDEWAYS
2025-12-07 09:52:16,39,R_50,CALL,0.5,142.6417,0.5,0.96,0.46,WIN,50.09,SIDEWAYS
2025-12-07 09:52:30,40,R_50,CALL,0.5,142.6891,0.5,0.96,0.46,WIN,48.36,SIDEWAYS
2025-12-07 09:52:44,41,R_50,CALL,0.5,142.7235,0.5,0.96,0.46,WIN,51.53,SIDEWAYS
2025-12-07 09:52:58,42,R_50,CALL,0.5,142.7437,0.5,0.96,0.46,WIN,49.92,SIDEWAYS
2025-12-07 09:53:12,43,R_50,CALL,0.5,142.7619,0.5,0.96,0.46,WIN,56.77,SIDEWAYS
2025-12-07 09:53:26,44,R_50,CALL,0.5,142.7035,0.5,0.0,-0.5,LOSS,49.93,SIDEWAYS
2025-12-07 09:53:40,45,R_50,CALL,1.0,142.7402,1.0,1.95,0.95,WIN,40.94,SIDEWAYS
2025-12-07 09:53:56,46,R_50,CALL,0.5,142.7299,0.5,0.96,0.46,WIN,50.03,SIDEWAYS
2025-12-07 09:54:10,47,R_50,CALL,0.5,142.6923,0.5,0.0,-0.5,LOSS,56.73,SIDEWAYS
2025-12-07 09:54:24,48,R_50,CALL,1.0,142.6327,1.0,1.95,0.95,WIN,42.85,SIDEWAYS
2025-12-07 09:54:40,49,R_50,CALL,0.5,142.6599,0.5,0.0,-0.5,LOSS,50.0,SIDEWAYS
2025-12-07 09:54:54,50,R_50,CALL,1.0,142.681,1.0,1.95,0.95,WIN,49.95,SIDEWAYS
2025-12-07 09:55:12,51,R_50,CALL,0.5,142.648,0.5,0.96,0.46,WIN,40.87,SIDEWAYS
2025-12-07 09:55:26,52,R_50,CALL,0.5,142.6408,0.5,0.0,-0.5,LOSS,59.88,SIDEWAYS
2025-12-07 09:55:40,53,R_50,CALL,1.0,142.7121,1.0,1.95,0.95,WIN,49.82,DOWN
2025-12-07 09:55:54,54,R_50,CALL,0.5,142.7155,0.5,0.96,0.46,WIN,59.24,SIDEWAYS
2025-12-07 09:56:08,55,R_50,CALL,0.5,142.7186,0.5,0.0,-0.5,LOSS,50.0,SIDEWAYS
2025-12-07 09:56:22,56,R_50,CALL,1.0,142.8317,1.0,1.95,0.95,WIN,50.24,SIDEWAYS
2025-12-07 09:56:38,57,R_50,CALL,0.5,142.831,0.5,0.96,0.46,WIN,50.0,SIDEWAYS
2025-12-07 09:56:52,58,R_50,CALL,0.5,142.8098,0.5,0.96,0.46,WIN,40.74,SIDEWAYS
2025-12-07 09:57:06,59,R_50,CALL,0.5,142.8224,0.5,0.0,-0.5,LOSS,59.18,SIDEWAYS
2025-12-07 09:57:20,60,R_50,CALL,1.0,142.8413,1.0,1.95,0.95,WIN,49.91,SIDEWAYS
2025-12-07 09:57:36,61,R_50,CALL,0.5,142.8546,0.5,0.96,0.46,WIN,58.95,SIDEWAYS
2025-12-07 09:57:50,62,R_50,CALL,0.5,142.8963,0.5,0.96,0.46,WIN,50.0,SIDEWAYS
2025-12-07 09:58:04,63,R_50,CALL,0.5,142.9252,0.5,0.96,0.46,WIN,59.16,SIDEWAYS
2025-12-07 09:58:18,64,R_50,CALL,0.5,143.0411,0.5,0.96,0.46,WIN,42.42,SIDEWAYS
2025-12-07 09:58:32,65,R_50,CALL,0.5,143.0766,0.5,0.0,-0.5,LOSS,50.04,SIDEWAYS
2025-12-07 09:58:46,66,R_50,CALL,1.0,143.1372,1.0,1.95,0.95,WIN,49.89,SIDEWAYS
